date,actual_revenue,forecast_revenue,store,type
2012-05-04,1821364.42,1804464.5,10,backtest
2012-05-11,1792345.3,1848254.8,10,backtest
2012-05-18,1795152.73,1906187.4,10,backtest
2012-05-25,1830939.1,1798379.6,10,backtest
2012-06-01,1767471.48,1865879.5,10,backtest
2012-06-08,1840491.41,1771742.8,10,backtest
2012-06-15,1811562.88,1806730.8,10,backtest
2012-06-22,1755334.18,1856454.0,10,backtest
2012-06-29,1707481.9,1835124.8,10,backtest
2012-07-06,1805999.79,1802944.4,10,backtest
2012-07-13,1765571.91,1789727.6,10,backtest
2012-07-20,1869967.03,1794860.6,10,backtest
2012-07-27,1817603.66,1924831.5,10,backtest
2012-08-03,1939440.09,1860259.0,10,backtest
2012-08-10,1880436.94,1876260.5,10,backtest
2012-08-17,1827797.4,1897381.1,10,backtest
2012-08-24,1764984.15,1760093.2,10,backtest
2012-08-31,1650285.54,1776720.4,10,backtest
2012-09-07,1708283.28,1747896.8,10,backtest
2012-09-14,1640168.99,1701297.4,10,backtest
2012-09-21,1671857.57,1754372.9,10,backtest
2012-09-28,1694862.41,1790797.5,10,backtest
2012-10-05,1758971.38,1796771.8,10,backtest
2012-10-12,1713889.11,1834393.5,10,backtest
2012-10-19,1734834.82,1840748.8,10,backtest
2012-10-26,1744349.05,1842066.5,10,backtest
2012-11-04,,1840735.6,10,future
2012-11-11,,1881883.5,10,future
2012-11-18,,1897660.1,10,future
2012-11-25,,2679330.8,10,future
2012-12-02,,2657784.8,10,future
2012-12-09,,2426559.0,10,future
2012-12-16,,2431263.0,10,future
2012-12-23,,3520010.5,10,future
2012-12-30,,2610706.0,10,future
2013-01-06,,1841173.0,10,future
2013-01-13,,1848522.5,10,future
2013-01-20,,1963503.1,10,future
2012-05-04,1370251.22,1284141.6,11,backtest
2012-05-11,1300147.07,1450346.2,11,backtest
2012-05-18,1352442.31,1313038.2,11,backtest
2012-05-25,1297335.87,1296569.2,11,backtest
2012-06-01,1361595.33,1287607.1,11,backtest
2012-06-08,1414343.53,1312530.4,11,backtest
2012-06-15,1417875.42,1307773.9,11,backtest
2012-06-22,1355680.3,1287541.5,11,backtest
2012-06-29,1297028.6,1347699.0,11,backtest
2012-07-06,1461129.94,1282228.1,11,backtest
2012-07-13,1320239.51,1391737.1,11,backtest
2012-07-20,1344483.81,1319489.4,11,backtest
2012-07-27,1272395.02,1276781.4,11,backtest
2012-08-03,1399341.07,1336332.6,11,backtest
2012-08-10,1388973.65,1299689.0,11,backtest
2012-08-17,1421307.2,1353320.5,11,backtest
2012-08-24,1409515.73,1356552.1,11,backtest
2012-08-31,1372872.35,1347924.6,11,backtest
2012-09-07,1304584.4,1353648.8,11,backtest
2012-09-14,1267675.05,1355414.8,11,backtest
2012-09-21,1326132.98,1291184.9,11,backtest
2012-09-28,1227430.73,1267747.2,11,backtest
2012-10-05,1422794.26,1261259.9,11,backtest
2012-10-12,1311965.09,1365418.1,11,backtest
2012-10-19,1232073.18,1324887.9,11,backtest
2012-10-26,1200729.45,1292130.4,11,backtest
2012-11-04,,1285021.4,11,future
2012-11-11,,1304326.1,11,future
2012-11-18,,1297635.1,11,future
2012-11-25,,1840512.5,11,future
2012-12-02,,1601600.4,11,future
2012-12-09,,1829401.2,11,future
2012-12-16,,1600279.5,11,future
2012-12-23,,2253585.2,11,future
2012-12-30,,2017459.1,11,future
2013-01-06,,1512631.9,11,future
2013-01-13,,1510224.5,11,future
2013-01-20,,1511730.9,11,future
2012-05-04,1073433.69,1036159.2,12,backtest
2012-05-11,1041995.22,1023810.5,12,backtest
2012-05-18,1020486.05,1009782.1,12,backtest
2012-05-25,991514.21,1016158.5,12,backtest
2012-06-01,981345.2,1014278.2,12,backtest
2012-06-08,1086231.47,1041613.75,12,backtest
2012-06-15,1019555.51,1039433.1,12,backtest
2012-06-22,981386.25,1031459.5,12,backtest
2012-06-29,943124.74,1009171.8,12,backtest
2012-07-06,1014898.78,946709.2,12,backtest
2012-07-13,960312.75,1042807.56,12,backtest
2012-07-20,941550.34,983444.0,12,backtest
2012-07-27,916967.92,993780.25,12,backtest
2012-08-03,958667.23,946661.0,12,backtest
2012-08-10,984689.9,1007968.94,12,backtest
2012-08-17,1005003.12,1013399.9,12,backtest
2012-08-24,1048101.39,1047991.7,12,backtest
2012-08-31,1061943.49,1050230.6,12,backtest
2012-09-07,955146.04,1011677.0,12,backtest
2012-09-14,885892.37,1007506.56,12,backtest
2012-09-21,922735.37,970640.1,12,backtest
2012-09-28,880415.67,955107.4,12,backtest
2012-10-05,979825.92,1007645.06,12,backtest
2012-10-12,934917.47,972591.94,12,backtest
2012-10-19,960945.43,981308.2,12,backtest
2012-10-26,974697.6,974351.9,12,backtest
2012-11-04,,1019214.3,12,future
2012-11-11,,1019380.1,12,future
2012-11-18,,1016241.1,12,future
2012-11-25,,1550258.9,12,future
2012-12-02,,1537901.1,12,future
2012-12-09,,1227750.6,12,future
2012-12-16,,1240182.6,12,future
2012-12-23,,1273065.4,12,future
2012-12-30,,1273065.4,12,future
2013-01-06,,1008634.25,12,future
2013-01-13,,1007550.44,12,future
2013-01-20,,1015119.1,12,future
2012-05-04,1995994.51,1940427.6,13,backtest
2012-05-11,2080764.17,1954499.9,13,backtest
2012-05-18,2131900.55,1954626.2,13,backtest
2012-05-25,2043349.41,1956783.6,13,backtest
2012-06-01,2035431.39,1980033.2,13,backtest
2012-06-08,2182437.9,1944264.1,13,backtest
2012-06-15,2152229.11,1969979.9,13,backtest
2012-06-22,2094373.0,1969140.1,13,backtest
2012-06-29,2037663.71,1971857.1,13,backtest
2012-07-06,2184980.35,1953490.4,13,backtest
2012-07-13,2002750.99,1969915.2,13,backtest
2012-07-20,2053089.32,1977918.2,13,backtest
2012-07-27,1914430.53,1963973.5,13,backtest
2012-08-03,2044148.23,1954109.0,13,backtest
2012-08-10,2041019.92,2039315.1,13,backtest
2012-08-17,2095769.18,1968908.8,13,backtest
2012-08-24,2059458.25,1976102.5,13,backtest
2012-08-31,2073855.42,1974722.2,13,backtest
2012-09-07,2165796.31,1950382.8,13,backtest
2012-09-14,1919917.03,1974542.4,13,backtest
2012-09-21,1938379.66,1911329.9,13,backtest
2012-09-28,1927664.11,2001326.0,13,backtest
2012-10-05,2041918.74,1977331.1,13,backtest
2012-10-12,1999079.44,2033999.1,13,backtest
2012-10-19,2018010.15,1971070.0,13,backtest
2012-10-26,2035189.66,1945444.9,13,backtest
2012-11-04,,1982805.1,13,future
2012-11-11,,1990438.9,13,future
2012-11-18,,2015548.0,13,future
2012-11-25,,2798548.5,13,future
2012-12-02,,2480651.2,13,future
2012-12-09,,2515435.2,13,future
2012-12-16,,2703436.0,13,future
2012-12-23,,3584326.5,13,future
2012-12-30,,2874618.5,13,future
2013-01-06,,1901209.5,13,future
2013-01-13,,1827017.8,13,future
2013-01-20,,1867406.5,13,future
2012-05-04,1949354.29,1983744.0,14,backtest
2012-05-11,1987531.05,1882415.9,14,backtest
2012-05-18,1932233.17,1842865.4,14,backtest
2012-05-25,2030869.61,1848488.2,14,backtest
2012-06-01,2049485.49,1954326.4,14,backtest
2012-06-08,2099615.88,1880471.4,14,backtest
2012-06-15,1905733.68,1966412.5,14,backtest
2012-06-22,1660228.88,1952349.0,14,backtest
2012-06-29,1591835.02,2024235.2,14,backtest
2012-07-06,1862128.95,1955893.4,14,backtest
2012-07-13,1544422.35,1899443.1,14,backtest
2012-07-20,1553250.16,1935937.8,14,backtest
2012-07-27,1479514.66,1986257.8,14,backtest
2012-08-03,1656886.46,2008372.2,14,backtest
2012-08-10,1648570.03,1929750.8,14,backtest
2012-08-17,1660433.3,1969630.0,14,backtest
2012-08-24,1621841.33,2084007.0,14,backtest
2012-08-31,1613342.19,2102350.8,14,backtest
2012-09-07,1904512.34,2146197.2,14,backtest
2012-09-14,1554794.22,1959018.0,14,backtest
2012-09-21,1565352.46,1866705.5,14,backtest
2012-09-28,1522512.2,1863255.9,14,backtest
2012-10-05,1687592.16,1952286.8,14,backtest
2012-10-12,1639585.61,2004832.6,14,backtest
2012-10-19,1590274.72,2004832.6,14,backtest
2012-10-26,1704357.62,1996640.1,14,backtest
2012-11-04,,1925797.4,14,future
2012-11-11,,1914830.1,14,future
2012-11-18,,1952829.8,14,future
2012-11-25,,2300233.0,14,future
2012-12-02,,2281887.8,14,future
2012-12-09,,2279938.0,14,future
2012-12-16,,2279938.0,14,future
2012-12-23,,3081847.8,14,future
2012-12-30,,2685268.2,14,future
2013-01-06,,1831569.1,14,future
2013-01-13,,1717198.8,14,future
2013-01-20,,1755366.2,14,future
2012-05-04,577868.38,546741.5,15,backtest
2012-05-11,579539.95,576008.5,15,backtest
2012-05-18,600050.98,575774.06,15,backtest
2012-05-25,693780.42,654166.44,15,backtest
2012-06-01,663971.26,641809.5,15,backtest
2012-06-08,611390.67,566207.0,15,backtest
2012-06-15,636737.65,636501.56,15,backtest
2012-06-22,687085.6,636585.5,15,backtest
2012-06-29,624099.48,645566.06,15,backtest
2012-07-06,678024.75,622964.25,15,backtest
2012-07-13,591335.5,616409.44,15,backtest
2012-07-20,592369.22,590732.25,15,backtest
2012-07-27,571190.83,605317.94,15,backtest
2012-08-03,590739.62,601533.2,15,backtest
2012-08-10,590453.63,601683.6,15,backtest
2012-08-17,579738.2,589679.6,15,backtest
2012-08-24,606210.77,600477.7,15,backtest
2012-08-31,610185.32,592356.2,15,backtest
2012-09-07,587259.82,609485.25,15,backtest
2012-09-14,527509.76,597255.7,15,backtest
2012-09-21,533161.64,533855.3,15,backtest
2012-09-28,553901.97,530714.6,15,backtest
2012-10-05,573498.64,547250.6,15,backtest
2012-10-12,551799.63,546464.25,15,backtest
2012-10-19,555652.77,583216.6,15,backtest
2012-10-26,558473.6,575556.75,15,backtest
2012-11-04,,574934.4,15,future
2012-11-11,,568623.8,15,future
2012-11-18,,572798.2,15,future
2012-11-25,,919425.56,15,future
2012-12-02,,899131.6,15,future
2012-12-09,,771688.44,15,future
2012-12-16,,771712.0,15,future
2012-12-23,,1079079.6,15,future
2012-12-30,,733912.25,15,future
2013-01-06,,512262.34,15,future
2013-01-13,,466032.22,15,future
2013-01-20,,509735.16,15,future
2012-05-04,426959.62,415698.88,16,backtest
2012-05-11,479855.0,424031.75,16,backtest
2012-05-18,493506.47,488825.75,16,backtest
2012-05-25,518045.09,486227.12,16,backtest
2012-06-01,532311.93,545587.4,16,backtest
2012-06-08,603618.89,595475.56,16,backtest
2012-06-15,570045.79,594037.06,16,backtest
2012-06-22,581745.72,577558.44,16,backtest
2012-06-29,570162.28,587303.06,16,backtest
2012-07-06,641763.53,592396.6,16,backtest
2012-07-13,569005.06,605397.25,16,backtest
2012-07-20,565297.54,581220.7,16,backtest
2012-07-27,539337.87,595089.6,16,backtest
2012-08-03,584000.71,578847.1,16,backtest
2012-08-10,554036.84,561533.3,16,backtest
2012-08-17,521896.6,547346.3,16,backtest
2012-08-24,551152.15,566959.44,16,backtest
2012-08-31,551837.31,573281.1,16,backtest
2012-09-07,537138.58,561211.75,16,backtest
2012-09-14,526525.16,541371.8,16,backtest
2012-09-21,509942.56,540996.4,16,backtest
2012-09-28,469607.73,485184.47,16,backtest
2012-10-05,471281.68,500401.8,16,backtest
2012-10-12,491817.19,507515.9,16,backtest
2012-10-19,577198.97,511448.66,16,backtest
2012-10-26,475770.14,521180.28,16,backtest
2012-11-04,,525715.1,16,future
2012-11-11,,525715.1,16,future
2012-11-18,,524561.3,16,future
2012-11-25,,631486.75,16,future
2012-12-02,,619325.44,16,future
2012-12-09,,622711.8,16,future
2012-12-16,,699600.1,16,future
2012-12-23,,1002369.06,16,future
2012-12-30,,1002369.06,16,future
2013-01-06,,547337.56,16,future
2013-01-13,,529608.06,16,future
2013-01-20,,523474.25,16,future
2012-05-04,930121.14,982388.44,17,backtest
2012-05-11,944100.3,890444.0,17,backtest
2012-05-18,968816.33,906814.7,17,backtest
2012-05-25,984881.59,957357.8,17,backtest
2012-06-01,938914.28,986066.9,17,backtest
2012-06-08,987990.24,989977.44,17,backtest
2012-06-15,964169.67,903423.94,17,backtest
2012-06-22,981210.57,1019116.1,17,backtest
2012-06-29,982322.24,944513.1,17,backtest
2012-07-06,1046782.52,1008329.8,17,backtest
2012-07-13,960746.04,917266.2,17,backtest
2012-07-20,944698.7,916828.9,17,backtest
2012-07-27,907493.24,888291.4,17,backtest
2012-08-03,877813.33,880148.1,17,backtest
2012-08-10,849074.04,882670.0,17,backtest
2012-08-17,844928.17,871465.8,17,backtest
2012-08-24,924299.78,877112.9,17,backtest
2012-08-31,865924.2,954988.6,17,backtest
2012-09-07,1255633.29,1098295.5,17,backtest
2012-09-14,1071040.22,904640.5,17,backtest
2012-09-21,938303.28,885804.4,17,backtest
2012-09-28,972716.24,890538.7,17,backtest
2012-10-05,952609.17,895896.06,17,backtest
2012-10-12,919878.34,903473.2,17,backtest
2012-10-19,957356.84,890921.3,17,backtest
2012-10-26,943465.29,929406.2,17,backtest
2012-11-04,,886618.2,17,future
2012-11-11,,891996.2,17,future
2012-11-18,,888174.06,17,future
2012-11-25,,934399.0,17,future
2012-12-02,,948530.06,17,future
2012-12-09,,945958.25,17,future
2012-12-16,,964920.8,17,future
2012-12-23,,1047852.9,17,future
2012-12-30,,811183.25,17,future
2013-01-06,,1100889.1,17,future
2013-01-13,,896433.2,17,future
2013-01-20,,872347.56,17,future
2012-05-04,1050027.89,1024625.8,18,backtest
2012-05-11,1060433.1,1088413.0,18,backtest
2012-05-18,1047444.59,1044777.8,18,backtest
2012-05-25,1088446.58,1024997.7,18,backtest
2012-06-01,1118313.7,1062605.6,18,backtest
2012-06-08,1110479.94,1028095.94,18,backtest
2012-06-15,1057425.83,1032222.56,18,backtest
2012-06-22,1080357.89,1044013.4,18,backtest
2012-06-29,1097006.3,1046474.56,18,backtest
2012-07-06,1158247.31,1021304.8,18,backtest
2012-07-13,1024784.92,1009589.2,18,backtest
2012-07-20,1033543.56,1007443.94,18,backtest
2012-07-27,924506.26,1017557.2,18,backtest
2012-08-03,1052066.58,1007204.75,18,backtest
2012-08-10,967304.07,916752.4,18,backtest
2012-08-17,1048134.24,1002583.56,18,backtest
2012-08-24,1145840.91,1079355.8,18,backtest
2012-08-31,1117097.23,1027133.44,18,backtest
2012-09-07,1083521.24,982163.0,18,backtest
2012-09-14,960476.1,990949.44,18,backtest
2012-09-21,971386.65,970072.1,18,backtest
2012-09-28,1002856.2,1001144.75,18,backtest
2012-10-05,1092204.79,948316.44,18,backtest
2012-10-12,1074079.0,1028622.7,18,backtest
2012-10-19,1048706.75,1035871.56,18,backtest
2012-10-26,1127516.25,1014003.75,18,backtest
2012-11-04,,1006801.7,18,future
2012-11-11,,1005458.94,18,future
2012-11-18,,950094.75,18,future
2012-11-25,,1487251.1,18,future
2012-12-02,,1475076.8,18,future
2012-12-09,,1481030.0,18,future
2012-12-16,,1489995.0,18,future
2012-12-23,,1823067.0,18,future
2012-12-30,,1222193.8,18,future
2013-01-06,,1006146.9,18,future
2013-01-13,,999362.6,18,future
2013-01-20,,975481.3,18,future
2012-05-04,1405007.44,1387058.8,19,backtest
2012-05-11,1442873.22,1439011.5,19,backtest
2012-05-18,1366937.1,1402673.1,19,backtest
2012-05-25,1485540.28,1440922.2,19,backtest
2012-06-01,1450733.29,1468349.1,19,backtest
2012-06-08,1390122.11,1388444.6,19,backtest
2012-06-15,1440263.15,1476145.8,19,backtest
2012-06-22,1468350.36,1432780.0,19,backtest
2012-06-29,1379652.65,1505428.8,19,backtest
2012-07-06,1557120.44,1410856.5,19,backtest
2012-07-13,1321741.35,1461151.0,19,backtest
2012-07-20,1317672.92,1399901.9,19,backtest
2012-07-27,1248915.43,1434710.5,19,backtest
2012-08-03,1342123.78,1327037.9,19,backtest
2012-08-10,1408907.89,1393057.5,19,backtest
2012-08-17,1375101.26,1508741.5,19,backtest
2012-08-24,1544653.37,1467055.1,19,backtest
2012-08-31,1542719.87,1519118.0,19,backtest
2012-09-07,1497073.82,1524764.8,19,backtest
2012-09-14,1370653.41,1401781.9,19,backtest
2012-09-21,1338572.29,1400056.4,19,backtest
2012-09-28,1338299.02,1380995.4,19,backtest
2012-10-05,1408016.1,1364899.0,19,backtest
2012-10-12,1352809.5,1351851.8,19,backtest
2012-10-19,1321102.35,1344359.2,19,backtest
2012-10-26,1322117.96,1351891.2,19,backtest
2012-11-04,,1401619.9,19,future
2012-11-11,,1434301.0,19,future
2012-11-18,,1422052.9,19,future
2012-11-25,,1786911.8,19,future
2012-12-02,,1854745.4,19,future
2012-12-09,,1773820.9,19,future
2012-12-16,,1710958.4,19,future
2012-12-23,,2453602.5,19,future
2012-12-30,,1898638.2,19,future
2013-01-06,,1346871.5,19,future
2013-01-13,,1313920.1,19,future
2013-01-20,,1344873.2,19,future
2012-05-04,1684519.99,1486792.9,1,backtest
2012-05-11,1611096.05,1511727.8,1,backtest
2012-05-18,1595901.87,1488740.2,1,backtest
2012-05-25,1555444.55,1493453.5,1,backtest
2012-06-01,1624477.58,1493914.1,1,backtest
2012-06-08,1697230.96,1510827.2,1,backtest
2012-06-15,1630607.0,1516805.2,1,backtest
2012-06-22,1527845.81,1502200.1,1,backtest
2012-06-29,1540421.49,1501060.2,1,backtest
2012-07-06,1769854.16,1483203.0,1,backtest
2012-07-13,1527014.04,1508263.6,1,backtest
2012-07-20,1497954.76,1494265.0,1,backtest
2012-07-27,1439123.71,1495571.2,1,backtest
2012-08-03,1631135.79,1493395.2,1,backtest
2012-08-10,1592409.97,1506353.2,1,backtest
2012-08-17,1597868.05,1494216.5,1,backtest
2012-08-24,1494122.38,1486590.0,1,backtest
2012-08-31,1582083.4,1518070.6,1,backtest
2012-09-07,1661767.33,1509240.4,1,backtest
2012-09-14,1517428.87,1515097.4,1,backtest
2012-09-21,1506126.06,1476762.1,1,backtest
2012-09-28,1437059.26,1489186.1,1,backtest
2012-10-05,1670785.97,1503507.2,1,backtest
2012-10-12,1573072.81,1542604.9,1,backtest
2012-10-19,1508068.77,1497666.8,1,backtest
2012-10-26,1493659.74,1479716.8,1,backtest
2012-11-04,,1533710.6,1,future
2012-11-11,,1546393.8,1,future
2012-11-18,,1527907.2,1,future
2012-11-25,,1948587.5,1,future
2012-12-02,,1558091.1,1,future
2012-12-09,,1975617.5,1,future
2012-12-16,,1558999.0,1,future
2012-12-23,,2329548.5,1,future
2012-12-30,,1523216.4,1,future
2013-01-06,,1484985.8,1,future
2013-01-13,,1510252.8,1,future
2013-01-20,,1481959.5,1,future
2012-05-04,2163510.89,2135004.0,20,backtest
2012-05-11,2168097.11,2138137.5,20,backtest
2012-05-18,2039222.26,2000932.4,20,backtest
2012-05-25,2114989.0,1964316.9,20,backtest
2012-06-01,2143126.59,2151313.0,20,backtest
2012-06-08,2231962.13,2124943.2,20,backtest
2012-06-15,2165160.29,2076276.0,20,backtest
2012-06-22,2060588.69,2091630.5,20,backtest
2012-06-29,2055952.61,2137920.5,20,backtest
2012-07-06,2358055.3,2154579.5,20,backtest
2012-07-13,2134680.12,2149840.8,20,backtest
2012-07-20,1970170.29,2032236.5,20,backtest
2012-07-27,1911559.1,1936844.0,20,backtest
2012-08-03,2094515.71,2105983.8,20,backtest
2012-08-10,2144245.39,2228707.2,20,backtest
2012-08-17,2045061.22,2042262.5,20,backtest
2012-08-24,2005341.43,1942145.1,20,backtest
2012-08-31,2062481.56,1942429.9,20,backtest
2012-09-07,2080529.06,2141187.0,20,backtest
2012-09-14,2047949.98,2002899.0,20,backtest
2012-09-21,2028587.24,1960699.4,20,backtest
2012-09-28,2008350.58,1924817.5,20,backtest
2012-10-05,2246411.89,1947897.1,20,backtest
2012-10-12,2162951.36,2290261.8,20,backtest
2012-10-19,1999363.49,2055102.6,20,backtest
2012-10-26,2031650.55,1956028.0,20,backtest
2012-11-04,,2101828.0,20,future
2012-11-11,,2101828.0,20,future
2012-11-18,,2089468.1,20,future
2012-11-25,,2719927.8,20,future
2012-12-02,,2767913.5,20,future
2012-12-09,,2592621.2,20,future
2012-12-16,,2832668.2,20,future
2012-12-23,,3520543.5,20,future
2012-12-30,,2673024.2,20,future
2013-01-06,,2087088.4,20,future
2013-01-13,,2094583.9,20,future
2013-01-20,,2093602.4,20,future
2012-05-04,697645.32,723088.0,21,backtest
2012-05-11,649945.54,720882.25,21,backtest
2012-05-18,700554.16,725466.1,21,backtest
2012-05-25,722891.24,718963.7,21,backtest
2012-06-01,695439.83,718215.5,21,backtest
2012-06-08,707895.72,716786.44,21,backtest
2012-06-15,727049.04,718690.9,21,backtest
2012-06-22,735870.0,716625.75,21,backtest
2012-06-29,716341.39,745664.1,21,backtest
2012-07-06,693013.59,734463.6,21,backtest
2012-07-13,668132.36,718072.9,21,backtest
2012-07-20,691200.33,739800.56,21,backtest
2012-07-27,677789.14,739300.75,21,backtest
2012-08-03,693785.85,732996.7,21,backtest
2012-08-10,700272.01,736989.7,21,backtest
2012-08-17,751963.81,756524.56,21,backtest
2012-08-24,802003.61,756754.3,21,backtest
2012-08-31,763867.59,770068.06,21,backtest
2012-09-07,642827.29,744974.9,21,backtest
2012-09-14,628494.63,702115.6,21,backtest
2012-09-21,667151.46,703963.6,21,backtest
2012-09-28,647097.65,691436.0,21,backtest
2012-10-05,651768.91,706050.7,21,backtest
2012-10-12,653043.44,725587.3,21,backtest
2012-10-19,641368.14,726227.06,21,backtest
2012-10-26,675202.87,716593.94,21,backtest
2012-11-04,,731114.56,21,future
2012-11-11,,704051.94,21,future
2012-11-18,,718543.8,21,future
2012-11-25,,1111018.8,21,future
2012-12-02,,1104325.0,21,future
2012-12-09,,1102956.9,21,future
2012-12-16,,1102827.6,21,future
2012-12-23,,1392537.5,21,future
2012-12-30,,994746.7,21,future
2013-01-06,,665102.5,21,future
2013-01-13,,675869.0,21,future
2013-01-20,,690505.06,21,future
2012-05-04,1005083.31,948447.9,22,backtest
2012-05-11,997868.63,956056.2,22,backtest
2012-05-18,986612.02,962209.3,22,backtest
2012-05-25,1047297.38,998774.94,22,backtest
2012-06-01,1102857.37,1052743.1,22,backtest
2012-06-08,1061134.37,1009973.7,22,backtest
2012-06-15,1061219.19,1004023.94,22,backtest
2012-06-22,1112449.3,1030466.3,22,backtest
2012-06-29,1053881.78,1053336.8,22,backtest
2012-07-06,1097786.14,1014664.7,22,backtest
2012-07-13,971361.38,992526.7,22,backtest
2012-07-20,991969.37,982838.3,22,backtest
2012-07-27,925731.21,979253.2,22,backtest
2012-08-03,1007257.83,969194.8,22,backtest
2012-08-10,973812.79,957637.56,22,backtest
2012-08-17,981273.26,982691.4,22,backtest
2012-08-24,1060906.75,1048858.0,22,backtest
2012-08-31,1022270.86,1008242.6,22,backtest
2012-09-07,996628.8,996301.6,22,backtest
2012-09-14,918049.28,950496.7,22,backtest
2012-09-21,921612.53,957126.6,22,backtest
2012-09-28,976479.51,949302.4,22,backtest
2012-10-05,1009887.36,992189.7,22,backtest
2012-10-12,1004039.84,974568.3,22,backtest
2012-10-19,978027.95,945243.94,22,backtest
2012-10-26,1094422.69,1059862.2,22,backtest
2012-11-04,,1009813.94,22,future
2012-11-11,,1009351.6,22,future
2012-11-18,,1005037.5,22,future
2012-11-25,,1431585.8,22,future
2012-12-02,,1421843.9,22,future
2012-12-09,,1401215.2,22,future
2012-12-16,,1401215.2,22,future
2012-12-23,,1809724.2,22,future
2012-12-30,,1186024.5,22,future
2013-01-06,,868460.1,22,future
2013-01-13,,887890.25,22,future
2013-01-20,,865939.5,22,future
2012-05-04,1317379.68,1276347.8,23,backtest
2012-05-11,1321914.34,1266491.1,23,backtest
2012-05-18,1332952.47,1411305.6,23,backtest
2012-05-25,1552934.64,1502348.4,23,backtest
2012-06-01,1476144.34,1541868.0,23,backtest
2012-06-08,1568048.54,1384336.8,23,backtest
2012-06-15,1543667.68,1479169.4,23,backtest
2012-06-22,1522042.57,1429367.0,23,backtest
2012-06-29,1451782.16,1482943.5,23,backtest
2012-07-06,1545370.16,1427991.6,23,backtest
2012-07-13,1384921.63,1443079.1,23,backtest
2012-07-20,1381339.23,1380904.9,23,backtest
2012-07-27,1322932.36,1405645.1,23,backtest
2012-08-03,1416926.31,1364348.2,23,backtest
2012-08-10,1436311.76,1367413.2,23,backtest
2012-08-17,1510131.45,1380757.5,23,backtest
2012-08-24,1702220.96,1476106.0,23,backtest
2012-08-31,1577468.78,1462871.9,23,backtest
2012-09-07,1427162.26,1432855.2,23,backtest
2012-09-14,1279041.64,1309850.9,23,backtest
2012-09-21,1338627.55,1277207.0,23,backtest
2012-09-28,1319035.06,1290175.6,23,backtest
2012-10-05,1464616.59,1416350.1,23,backtest
2012-10-12,1412925.25,1453687.1,23,backtest
2012-10-19,1363155.77,1453084.0,23,backtest
2012-10-26,1347454.59,1454791.2,23,backtest
2012-11-04,,1414538.0,23,future
2012-11-11,,1414538.0,23,future
2012-11-18,,1394370.0,23,future
2012-11-25,,1967766.5,23,future
2012-12-02,,1919623.5,23,future
2012-12-09,,1868034.0,23,future
2012-12-16,,2067081.2,23,future
2012-12-23,,2547880.8,23,future
2012-12-30,,1702008.5,23,future
2013-01-06,,1327866.9,23,future
2013-01-13,,1303470.8,23,future
2013-01-20,,1289425.0,23,future
2012-05-04,1306551.71,1294705.4,24,backtest
2012-05-11,1355391.79,1335144.2,24,backtest
2012-05-18,1298809.8,1270308.1,24,backtest
2012-05-25,1407897.57,1264001.8,24,backtest
2012-06-01,1467722.19,1518319.8,24,backtest
2012-06-08,1406313.13,1319733.2,24,backtest
2012-06-15,1364445.98,1290903.4,24,backtest
2012-06-22,1434709.63,1460900.0,24,backtest
2012-06-29,1428869.9,1382747.5,24,backtest
2012-07-06,1645097.75,1458898.4,24,backtest
2012-07-13,1405475.78,1392359.2,24,backtest
2012-07-20,1394299.0,1369839.6,24,backtest
2012-07-27,1307339.14,1383128.1,24,backtest
2012-08-03,1440374.13,1447478.8,24,backtest
2012-08-10,1497054.81,1455594.5,24,backtest
2012-08-17,1397970.54,1377639.8,24,backtest
2012-08-24,1303726.54,1280386.5,24,backtest
2012-08-31,1344558.92,1438008.2,24,backtest
2012-09-07,1477134.75,1486838.4,24,backtest
2012-09-14,1242909.53,1290740.5,24,backtest
2012-09-21,1261158.47,1261355.2,24,backtest
2012-09-28,1259278.36,1335302.6,24,backtest
2012-10-05,1416720.54,1347391.5,24,backtest
2012-10-12,1416301.17,1303600.5,24,backtest
2012-10-19,1255414.84,1289732.8,24,backtest
2012-10-26,1307182.29,1268244.1,24,backtest
2012-11-04,,1312296.9,24,future
2012-11-11,,1312797.1,24,future
2012-11-18,,1349004.4,24,future
2012-11-25,,1617086.4,24,future
2012-12-02,,1612075.0,24,future
2012-12-09,,1528162.6,24,future
2012-12-16,,1524808.1,24,future
2012-12-23,,2150197.5,24,future
2012-12-30,,1724632.0,24,future
2013-01-06,,1229944.4,24,future
2013-01-13,,1186057.8,24,future
2013-01-20,,1251395.4,24,future
2012-05-04,696421.72,650097.4,25,backtest
2012-05-11,739866.16,716660.1,25,backtest
2012-05-18,717207.19,714378.0,25,backtest
2012-05-25,783371.02,721261.56,25,backtest
2012-06-01,694765.95,710753.0,25,backtest
2012-06-08,730254.19,696628.7,25,backtest
2012-06-15,753860.89,710728.06,25,backtest
2012-06-22,721601.9,703641.25,25,backtest
2012-06-29,718890.81,712519.0,25,backtest
2012-07-06,753385.55,693801.75,25,backtest
2012-07-13,714093.95,699500.75,25,backtest
2012-07-20,685676.58,693407.5,25,backtest
2012-07-27,659109.53,672694.4,25,backtest
2012-08-03,709724.6,671044.5,25,backtest
2012-08-10,710496.97,698618.4,25,backtest
2012-08-17,728467.72,710901.6,25,backtest
2012-08-24,756527.64,697906.9,25,backtest
2012-08-31,714828.73,706409.75,25,backtest
2012-09-07,671482.9,678990.3,25,backtest
2012-09-14,657241.63,651016.7,25,backtest
2012-09-21,664745.2,648092.2,25,backtest
2012-09-28,683300.84,633461.2,25,backtest
2012-10-05,699536.73,693846.44,25,backtest
2012-10-12,697317.41,724062.6,25,backtest
2012-10-19,685531.85,708736.25,25,backtest
2012-10-26,688940.94,682724.8,25,backtest
2012-11-04,,702289.5,25,future
2012-11-11,,701565.75,25,future
2012-11-18,,702212.56,25,future
2012-11-25,,1077034.2,25,future
2012-12-02,,1075820.0,25,future
2012-12-09,,1039131.6,25,future
2012-12-16,,1039333.3,25,future
2012-12-23,,1252429.2,25,future
2012-12-30,,907706.94,25,future
2013-01-06,,706470.4,25,future
2013-01-13,,696750.8,25,future
2013-01-20,,688205.9,25,future
2012-05-04,946573.29,1066803.9,26,backtest
2012-05-11,1062548.73,939720.94,26,backtest
2012-05-18,978082.84,956777.75,26,backtest
2012-05-25,1067310.74,1005923.9,26,backtest
2012-06-01,1015853.03,1005758.06,26,backtest
2012-06-08,1106176.83,1056343.5,26,backtest
2012-06-15,1029248.22,1018298.6,26,backtest
2012-06-22,1056282.91,1046826.9,26,backtest
2012-06-29,1051190.44,1040269.75,26,backtest
2012-07-06,1180470.8,1089941.2,26,backtest
2012-07-13,1063149.78,1061176.2,26,backtest
2012-07-20,1049625.9,1047905.5,26,backtest
2012-07-27,1031745.14,1058633.4,26,backtest
2012-08-03,1090915.09,1061210.6,26,backtest
2012-08-10,1121476.51,1058284.5,26,backtest
2012-08-17,1068292.56,1046324.2,26,backtest
2012-08-24,1022704.2,1038804.0,26,backtest
2012-08-31,1053495.51,1059177.1,26,backtest
2012-09-07,1081874.03,1048476.75,26,backtest
2012-09-14,986131.94,996693.44,26,backtest
2012-09-21,961084.08,1057959.4,26,backtest
2012-09-28,964726.37,1063449.6,26,backtest
2012-10-05,1095504.26,1035798.56,26,backtest
2012-10-12,1044639.69,1068955.4,26,backtest
2012-10-19,975578.02,995654.5,26,backtest
2012-10-26,958619.8,988055.6,26,backtest
2012-11-04,,1064372.4,26,future
2012-11-11,,1061388.8,26,future
2012-11-18,,1055535.6,26,future
2012-11-25,,1205212.2,26,future
2012-12-02,,1200397.4,26,future
2012-12-09,,1152993.2,26,future
2012-12-16,,1161921.8,26,future
2012-12-23,,1512329.0,26,future
2012-12-30,,1048861.5,26,future
2013-01-06,,965154.94,26,future
2013-01-13,,884252.7,26,future
2013-01-20,,872829.44,26,future
2012-05-04,1669388.45,1722877.0,27,backtest
2012-05-11,1674306.31,1600184.2,27,backtest
2012-05-18,1707158.82,1623747.5,27,backtest
2012-05-25,1818906.73,1682369.0,27,backtest
2012-06-01,1900638.6,1732592.8,27,backtest
2012-06-08,1764756.31,1681781.5,27,backtest
2012-06-15,1773500.56,1712450.2,27,backtest
2012-06-22,1837884.79,1740494.8,27,backtest
2012-06-29,1842555.32,1856062.8,27,backtest
2012-07-06,2062224.92,1817963.8,27,backtest
2012-07-13,1755889.53,1708129.5,27,backtest
2012-07-20,1730913.66,1704072.2,27,backtest
2012-07-27,1625883.71,1722458.5,27,backtest
2012-08-03,1705810.84,1628753.2,27,backtest
2012-08-10,1720537.26,1632718.5,27,backtest
2012-08-17,1735339.59,1654681.8,27,backtest
2012-08-24,1780443.36,1731042.2,27,backtest
2012-08-31,1731935.43,1744792.2,27,backtest
2012-09-07,1840955.23,1685374.5,27,backtest
2012-09-14,1519604.5,1605104.2,27,backtest
2012-09-21,1557485.75,1741630.2,27,backtest
2012-09-28,1540687.63,1617418.8,27,backtest
2012-10-05,1591816.88,1742215.0,27,backtest
2012-10-12,1660081.29,1744291.2,27,backtest
2012-10-19,1620374.24,1624726.5,27,backtest
2012-10-26,1703047.74,1739849.5,27,backtest
2012-11-04,,1623328.5,27,future
2012-11-11,,1774073.2,27,future
2012-11-18,,1620828.8,27,future
2012-11-25,,2275395.5,27,future
2012-12-02,,2252946.2,27,future
2012-12-09,,1989720.0,27,future
2012-12-16,,1998212.2,27,future
2012-12-23,,2587176.0,27,future
2012-12-30,,1779208.0,27,future
2013-01-06,,1663436.2,27,future
2013-01-13,,1514234.2,27,future
2013-01-20,,1616929.8,27,future
2012-05-04,1450628.85,1369334.0,28,backtest
2012-05-11,1264575.18,1255570.4,28,backtest
2012-05-18,1213310.45,1195816.0,28,backtest
2012-05-25,1151214.41,1189130.2,28,backtest
2012-06-01,1245480.95,1317256.1,28,backtest
2012-06-08,1440687.69,1226335.4,28,backtest
2012-06-15,1229760.97,1299409.1,28,backtest
2012-06-22,1180671.55,1206265.5,28,backtest
2012-06-29,1129031.98,1184863.2,28,backtest
2012-07-06,1500863.54,1504899.4,28,backtest
2012-07-13,1179915.04,1237073.5,28,backtest
2012-07-20,1149427.48,1164009.0,28,backtest
2012-07-27,1135035.09,1135486.8,28,backtest
2012-08-03,1376520.1,1486353.4,28,backtest
2012-08-10,1269113.41,1238319.8,28,backtest
2012-08-17,1184198.41,1189498.8,28,backtest
2012-08-24,1199309.59,1163378.1,28,backtest
2012-08-31,1227118.75,1333590.2,28,backtest
2012-09-07,1469693.99,1222326.1,28,backtest
2012-09-14,1124660.77,1247982.9,28,backtest
2012-09-21,1135340.19,1164981.2,28,backtest
2012-09-28,1129508.61,1139361.6,28,backtest
2012-10-05,1462941.03,1447739.4,28,backtest
2012-10-12,1205536.71,1240763.8,28,backtest
2012-10-19,1143724.48,1170384.8,28,backtest
2012-10-26,1213860.61,1222154.6,28,backtest
2012-11-04,,1203556.6,28,future
2012-11-11,,1207593.4,28,future
2012-11-18,,1199721.9,28,future
2012-11-25,,1780288.5,28,future
2012-12-02,,1352458.5,28,future
2012-12-09,,1583283.1,28,future
2012-12-16,,1351677.0,28,future
2012-12-23,,1630323.4,28,future
2012-12-30,,1308633.2,28,future
2013-01-06,,1480948.0,28,future
2013-01-13,,1305935.2,28,future
2013-01-20,,1374920.9,28,future
2012-05-04,504963.84,505359.9,29,backtest
2012-05-11,529707.87,526578.06,29,backtest
2012-05-18,543706.04,516960.72,29,backtest
2012-05-25,549665.67,528161.0,29,backtest
2012-06-01,576252.35,553430.5,29,backtest
2012-06-08,554093.15,517485.12,29,backtest
2012-06-15,552338.76,530314.5,29,backtest
2012-06-22,581854.5,551518.1,29,backtest
2012-06-29,555954.13,553382.9,29,backtest
2012-07-06,578832.41,523714.0,29,backtest
2012-07-13,514709.76,503106.84,29,backtest
2012-07-20,506705.36,501272.3,29,backtest
2012-07-27,475158.24,508791.28,29,backtest
2012-08-03,504754.74,497194.34,29,backtest
2012-08-10,518628.42,489647.94,29,backtest
2012-08-17,416881.66,500365.56,29,backtest
2012-08-24,615026.15,527216.4,29,backtest
2012-08-31,545844.91,560265.2,29,backtest
2012-09-07,540811.85,534362.75,29,backtest
2012-09-14,475127.18,483306.78,29,backtest
2012-09-21,489079.23,473987.3,29,backtest
2012-09-28,489674.23,477568.94,29,backtest
2012-10-05,520632.8,479073.2,29,backtest
2012-10-12,513737.0,491685.75,29,backtest
2012-10-19,516909.24,503061.38,29,backtest
2012-10-26,534970.68,511184.4,29,backtest
2012-11-04,,504321.03,29,future
2012-11-11,,508501.88,29,future
2012-11-18,,505682.9,29,future
2012-11-25,,861810.2,29,future
2012-12-02,,733247.7,29,future
2012-12-09,,676240.4,29,future
2012-12-16,,813806.5,29,future
2012-12-23,,946219.9,29,future
2012-12-30,,646065.75,29,future
2013-01-06,,482580.94,29,future
2013-01-13,,450305.78,29,future
2013-01-20,,462301.7,29,future
2012-05-04,1923957.09,1850714.1,2,backtest
2012-05-11,1917520.99,2034978.0,2,backtest
2012-05-18,2000940.67,1912088.9,2,backtest
2012-05-25,1912791.09,1896493.4,2,backtest
2012-06-01,1910092.37,1921424.1,2,backtest
2012-06-08,2010216.49,1952462.2,2,backtest
2012-06-15,1962924.3,1940738.6,2,backtest
2012-06-22,1887733.21,1943403.6,2,backtest
2012-06-29,1881046.12,1954857.4,2,backtest
2012-07-06,2041507.4,1883669.4,2,backtest
2012-07-13,1830075.13,1929944.8,2,backtest
2012-07-20,1819666.46,1867720.8,2,backtest
2012-07-27,1757923.88,1842415.8,2,backtest
2012-08-03,1946104.64,1855839.5,2,backtest
2012-08-10,1866719.96,1945571.0,2,backtest
2012-08-17,1928016.01,1890112.0,2,backtest
2012-08-24,1876788.15,1932021.1,2,backtest
2012-08-31,1947083.3,1908484.5,2,backtest
2012-09-07,1898777.07,1873079.9,2,backtest
2012-09-14,1814806.63,1879463.2,2,backtest
2012-09-21,1829415.67,1842040.2,2,backtest
2012-09-28,1746470.56,1844277.5,2,backtest
2012-10-05,1998321.04,1860529.2,2,backtest
2012-10-12,1900745.13,1910706.4,2,backtest
2012-10-19,1847990.41,1884631.0,2,backtest
2012-10-26,1834458.35,1869643.6,2,backtest
2012-11-04,,1957881.8,2,future
2012-11-11,,1953016.1,2,future
2012-11-18,,1957748.2,2,future
2012-11-25,,2451383.2,2,future
2012-12-02,,2406313.2,2,future
2012-12-09,,2449583.2,2,future
2012-12-16,,2405393.2,2,future
2012-12-23,,3189806.8,2,future
2012-12-30,,2363002.8,2,future
2013-01-06,,1970306.1,2,future
2013-01-13,,1970512.9,2,future
2013-01-20,,1963118.0,2,future
2012-05-04,454477.54,446992.1,30,backtest
2012-05-11,436070.45,433994.8,30,backtest
2012-05-18,460945.14,445535.53,30,backtest
2012-05-25,449355.91,429970.94,30,backtest
2012-06-01,427021.18,451118.1,30,backtest
2012-06-08,437222.94,441700.84,30,backtest
2012-06-15,438523.24,443102.53,30,backtest
2012-06-22,428554.63,447862.75,30,backtest
2012-06-29,423192.4,438593.75,30,backtest
2012-07-06,440553.42,440915.62,30,backtest
2012-07-13,417640.34,444588.75,30,backtest
2012-07-20,427491.04,436102.47,30,backtest
2012-07-27,424581.17,433134.56,30,backtest
2012-08-03,425136.55,433685.5,30,backtest
2012-08-10,430878.28,420232.84,30,backtest
2012-08-17,423351.15,432678.03,30,backtest
2012-08-24,425296.65,435531.06,30,backtest
2012-08-31,439132.5,433462.84,30,backtest
2012-09-07,433565.77,438696.84,30,backtest
2012-09-14,437773.31,431811.84,30,backtest
2012-09-21,443891.64,434530.88,30,backtest
2012-09-28,425410.04,442760.78,30,backtest
2012-10-05,446751.45,438713.78,30,backtest
2012-10-12,434593.26,439717.0,30,backtest
2012-10-19,437537.29,445632.88,30,backtest
2012-10-26,439424.5,432790.4,30,backtest
2012-11-04,,441916.94,30,future
2012-11-11,,437435.94,30,future
2012-11-18,,438292.06,30,future
2012-11-25,,438156.4,30,future
2012-12-02,,443800.62,30,future
2012-12-09,,444633.8,30,future
2012-12-16,,450609.7,30,future
2012-12-23,,487946.4,30,future
2012-12-30,,487289.47,30,future
2013-01-06,,432723.22,30,future
2013-01-13,,450202.2,30,future
2013-01-20,,448122.0,30,future
2012-05-04,1391257.28,1436792.9,31,backtest
2012-05-11,1392938.06,1420956.9,31,backtest
2012-05-18,1441473.82,1391726.6,31,backtest
2012-05-25,1397094.26,1345629.2,31,backtest
2012-06-01,1404516.29,1399161.9,31,backtest
2012-06-08,1443285.79,1400910.4,31,backtest
2012-06-15,1431003.43,1434699.2,31,backtest
2012-06-22,1394065.76,1439987.4,31,backtest
2012-06-29,1349202.25,1421190.4,31,backtest
2012-07-06,1458059.42,1408086.0,31,backtest
2012-07-13,1374301.34,1408968.6,31,backtest
2012-07-20,1392395.2,1394573.2,31,backtest
2012-07-27,1303732.36,1317903.5,31,backtest
2012-08-03,1390174.63,1425037.2,31,backtest
2012-08-10,1386472.59,1363548.9,31,backtest
2012-08-17,1410181.7,1397706.4,31,backtest
2012-08-24,1379783.21,1348433.4,31,backtest
2012-08-31,1373651.49,1395822.9,31,backtest
2012-09-07,1358111.62,1362597.4,31,backtest
2012-09-14,1327705.44,1389193.5,31,backtest
2012-09-21,1373064.87,1401137.1,31,backtest
2012-09-28,1279080.58,1347216.6,31,backtest
2012-10-05,1363365.05,1363859.0,31,backtest
2012-10-12,1401113.42,1341014.8,31,backtest
2012-10-19,1378730.45,1353145.1,31,backtest
2012-10-26,1340232.55,1316417.0,31,backtest
2012-11-04,,1397710.2,31,future
2012-11-11,,1397710.2,31,future
2012-11-18,,1397710.2,31,future
2012-11-25,,1863991.2,31,future
2012-12-02,,1387838.0,31,future
2012-12-09,,1863432.1,31,future
2012-12-16,,1390649.8,31,future
2012-12-23,,1956652.9,31,future
2012-12-30,,1392249.5,31,future
2013-01-06,,1398090.4,31,future
2013-01-13,,1382754.2,31,future
2013-01-20,,1393208.6,31,future
2012-05-04,1187384.53,1134334.2,32,backtest
2012-05-11,1187051.07,1153608.0,32,backtest
2012-05-18,1177539.71,1150910.5,32,backtest
2012-05-25,1232784.22,1151755.0,32,backtest
2012-06-01,1157557.79,1160976.1,32,backtest
2012-06-08,1246322.44,1183018.8,32,backtest
2012-06-15,1234759.54,1178179.2,32,backtest
2012-06-22,1196880.11,1162309.8,32,backtest
2012-06-29,1178211.81,1177631.2,32,backtest
2012-07-06,1214183.97,1164029.0,32,backtest
2012-07-13,1141184.66,1126592.1,32,backtest
2012-07-20,1167829.33,1164013.6,32,backtest
2012-07-27,1144901.52,1155997.5,32,backtest
2012-08-03,1183571.35,1166749.5,32,backtest
2012-08-10,1227469.2,1191482.0,32,backtest
2012-08-17,1261306.37,1181343.8,32,backtest
2012-08-24,1272809.11,1169195.1,32,backtest
2012-08-31,1183979.27,1171837.2,32,backtest
2012-09-07,1126685.95,1133502.4,32,backtest
2012-09-14,1156377.47,1128718.4,32,backtest
2012-09-21,1159119.6,1122854.5,32,backtest
2012-09-28,1157111.15,1147534.9,32,backtest
2012-10-05,1202775.24,1173101.6,32,backtest
2012-10-12,1176681.31,1174138.8,32,backtest
2012-10-19,1199292.06,1172755.6,32,backtest
2012-10-26,1219979.29,1164881.1,32,backtest
2012-11-04,,1166712.1,32,future
2012-11-11,,1173330.4,32,future
2012-11-18,,1169569.4,32,future
2012-11-25,,1542725.4,32,future
2012-12-02,,1541689.8,32,future
2012-12-09,,1516774.2,32,future
2012-12-16,,1517439.1,32,future
2012-12-23,,1835917.4,32,future
2012-12-30,,1181125.8,32,future
2013-01-06,,1147425.1,32,future
2013-01-13,,1147130.6,32,future
2013-01-20,,1143962.4,32,future
2012-05-04,270497.51,277897.6,33,backtest
2012-05-11,295841.84,303240.7,33,backtest
2012-05-18,276899.95,264072.6,33,backtest
2012-05-25,261851.74,248971.77,33,backtest
2012-06-01,261131.09,265497.38,33,backtest
2012-06-08,286082.76,277448.44,33,backtest
2012-06-15,290444.31,308605.84,33,backtest
2012-06-22,261666.29,264064.44,33,backtest
2012-06-29,244338.31,254535.97,33,backtest
2012-07-06,273690.37,273176.75,33,backtest
2012-07-13,287033.64,309206.88,33,backtest
2012-07-20,253205.89,262847.94,33,backtest
2012-07-27,249134.32,228746.8,33,backtest
2012-08-03,258533.12,272911.66,33,backtest
2012-08-10,297753.49,277443.03,33,backtest
2012-08-17,270097.76,247358.52,33,backtest
2012-08-24,247672.56,245186.08,33,backtest
2012-08-31,237129.81,243849.33,33,backtest
2012-09-07,286428.78,270223.12,33,backtest
2012-09-14,277417.53,286468.78,33,backtest
2012-09-21,252709.58,248801.64,33,backtest
2012-09-28,242813.51,231861.9,33,backtest
2012-10-05,265444.9,267798.1,33,backtest
2012-10-12,291781.15,288261.75,33,backtest
2012-10-19,254412.34,258712.97,33,backtest
2012-10-26,253731.13,233579.67,33,backtest
2012-11-04,,240188.0,33,future
2012-11-11,,240536.97,33,future
2012-11-18,,240567.62,33,future
2012-11-25,,240617.25,33,future
2012-12-02,,234516.69,33,future
2012-12-09,,234482.47,33,future
2012-12-16,,236296.06,33,future
2012-12-23,,250736.52,33,future
2012-12-30,,252990.3,33,future
2013-01-06,,243481.14,33,future
2013-01-13,,243441.61,33,future
2013-01-20,,249325.03,33,future
2012-05-04,991104.4,991952.1,34,backtest
2012-05-11,949625.52,1006922.75,34,backtest
2012-05-18,998672.85,946018.7,34,backtest
2012-05-25,1015737.61,942540.44,34,backtest
2012-06-01,977062.44,938910.6,34,backtest
2012-06-08,999511.29,958020.5,34,backtest
2012-06-15,982345.51,944216.56,34,backtest
2012-06-22,1000285.1,951165.2,34,backtest
2012-06-29,942970.63,965286.7,34,backtest
2012-07-06,1007867.68,938311.9,34,backtest
2012-07-13,954677.75,988508.06,34,backtest
2012-07-20,950929.59,949077.44,34,backtest
2012-07-27,917883.79,935218.8,34,backtest
2012-08-03,973250.41,930902.5,34,backtest
2012-08-10,1004523.59,966348.0,34,backtest
2012-08-17,1013820.86,950317.06,34,backtest
2012-08-24,926250.21,940760.7,34,backtest
2012-08-31,933487.71,935837.9,34,backtest
2012-09-07,976415.56,980937.0,34,backtest
2012-09-14,955211.7,970272.7,34,backtest
2012-09-21,943047.78,935985.94,34,backtest
2012-09-28,928629.31,951566.56,34,backtest
2012-10-05,968896.68,973819.94,34,backtest
2012-10-12,948613.39,969046.25,34,backtest
2012-10-19,963516.28,952927.8,34,backtest
2012-10-26,956987.81,945550.0,34,backtest
2012-11-04,,955317.44,34,future
2012-11-11,,961022.0,34,future
2012-11-18,,954070.0,34,future
2012-11-25,,1237776.2,34,future
2012-12-02,,1167415.2,34,future
2012-12-09,,1038105.5,34,future
2012-12-16,,1100622.0,34,future
2012-12-23,,1582743.2,34,future
2012-12-30,,1332635.6,34,future
2013-01-06,,938909.8,34,future
2013-01-13,,979581.06,34,future
2013-01-20,,982467.2,34,future
2012-05-04,772036.6,759244.5,35,backtest
2012-05-11,802383.63,756779.06,35,backtest
2012-05-18,819196.68,738851.2,35,backtest
2012-05-25,822167.17,760110.9,35,backtest
2012-06-01,932195.52,802619.44,35,backtest
2012-06-08,873415.01,751507.3,35,backtest
2012-06-15,848289.41,754668.1,35,backtest
2012-06-22,911696.0,779405.75,35,backtest
2012-06-29,892133.41,834963.94,35,backtest
2012-07-06,985479.64,816105.25,35,backtest
2012-07-13,825763.48,860376.1,35,backtest
2012-07-20,841224.74,765226.4,35,backtest
2012-07-27,808030.15,779889.8,35,backtest
2012-08-03,866216.36,760070.4,35,backtest
2012-08-10,888368.8,765526.56,35,backtest
2012-08-17,887979.47,783523.5,35,backtest
2012-08-24,895274.72,785345.4,35,backtest
2012-08-31,931278.97,773351.25,35,backtest
2012-09-07,984833.35,821511.2,35,backtest
2012-09-14,821568.64,818871.25,35,backtest
2012-09-21,772302.94,748979.7,35,backtest
2012-09-28,814099.86,755904.4,35,backtest
2012-10-05,866064.4,757873.75,35,backtest
2012-10-12,873643.14,742124.75,35,backtest
2012-10-19,829284.67,757783.06,35,backtest
2012-10-26,865137.6,767010.25,35,backtest
2012-11-04,,761223.56,35,future
2012-11-11,,770931.06,35,future
2012-11-18,,784308.56,35,future
2012-11-25,,1553778.0,35,future
2012-12-02,,881523.4,35,future
2012-12-09,,1396147.6,35,future
2012-12-16,,1111774.5,35,future
2012-12-23,,1439609.8,35,future
2012-12-30,,933517.7,35,future
2013-01-06,,664636.5,35,future
2013-01-13,,623817.9,35,future
2013-01-20,,649380.1,35,future
2012-05-04,312467.52,328253.4,36,backtest
2012-05-11,330518.34,332326.53,36,backtest
2012-05-18,324801.13,334516.34,36,backtest
2012-05-25,306098.17,314390.94,36,backtest
2012-06-01,306005.53,323544.38,36,backtest
2012-06-08,338273.38,336179.53,36,backtest
2012-06-15,333146.88,337385.75,36,backtest
2012-06-22,306411.01,320479.6,36,backtest
2012-06-29,291530.43,315884.53,36,backtest
2012-07-06,306578.89,335044.5,36,backtest
2012-07-13,298337.41,338574.97,36,backtest
2012-07-20,303289.55,328309.2,36,backtest
2012-07-27,279643.43,327723.38,36,backtest
2012-08-03,304989.97,331782.8,36,backtest
2012-08-10,298947.51,326710.44,36,backtest
2012-08-17,314607.22,333085.38,36,backtest
2012-08-24,282545.55,323834.38,36,backtest
2012-08-31,282647.48,327217.66,36,backtest
2012-09-07,293728.57,325574.72,36,backtest
2012-09-14,301893.63,332767.16,36,backtest
2012-09-21,293804.45,327890.88,36,backtest
2012-09-28,270677.98,327429.25,36,backtest
2012-10-05,277137.86,327563.16,36,backtest
2012-10-12,300236.85,333155.25,36,backtest
2012-10-19,287360.05,327563.16,36,backtest
2012-10-26,272489.41,327349.88,36,backtest
2012-11-04,,343600.12,36,future
2012-11-11,,335641.2,36,future
2012-11-18,,335458.25,36,future
2012-11-25,,335458.25,36,future
2012-12-02,,322719.0,36,future
2012-12-09,,315227.75,36,future
2012-12-16,,327748.1,36,future
2012-12-23,,331039.75,36,future
2012-12-30,,323727.44,36,future
2013-01-06,,313232.25,36,future
2013-01-13,,331884.8,36,future
2013-01-20,,333126.53,36,future
2012-05-04,535311.64,513722.72,37,backtest
2012-05-11,527983.04,514847.03,37,backtest
2012-05-18,534847.96,538663.3,37,backtest
2012-05-25,540625.79,513247.06,37,backtest
2012-06-01,531811.85,503723.9,37,backtest
2012-06-08,528940.78,509687.9,37,backtest
2012-06-15,508573.16,507953.0,37,backtest
2012-06-22,484032.75,505646.12,37,backtest
2012-06-29,508309.81,507553.84,37,backtest
2012-07-06,519498.32,524877.75,37,backtest
2012-07-13,506005.47,507630.0,37,backtest
2012-07-20,503744.56,509168.47,37,backtest
2012-07-27,514489.17,509157.22,37,backtest
2012-08-03,521959.28,518944.22,37,backtest
2012-08-10,500964.59,505348.84,37,backtest
2012-08-17,509633.71,511226.7,37,backtest
2012-08-24,522665.04,517015.84,37,backtest
2012-08-31,538344.1,505562.5,37,backtest
2012-09-07,526838.14,514867.6,37,backtest
2012-09-14,514651.74,512013.78,37,backtest
2012-09-21,521320.98,525224.0,37,backtest
2012-09-28,527953.14,511355.1,37,backtest
2012-10-05,546122.37,537580.6,37,backtest
2012-10-12,521810.75,514888.75,37,backtest
2012-10-19,551969.1,528513.6,37,backtest
2012-10-26,534738.43,533689.44,37,backtest
2012-11-04,,526669.3,37,future
2012-11-11,,524752.4,37,future
2012-11-18,,524060.72,37,future
2012-11-25,,523851.94,37,future
2012-12-02,,533039.2,37,future
2012-12-09,,532807.0,37,future
2012-12-16,,531897.5,37,future
2012-12-23,,565705.5,37,future
2012-12-30,,463513.88,37,future
2013-01-06,,552170.8,37,future
2013-01-13,,539978.25,37,future
2013-01-20,,531300.94,37,future
2012-05-04,491755.69,431907.56,38,backtest
2012-05-11,429914.6,414747.38,38,backtest
2012-05-18,412314.71,415141.38,38,backtest
2012-05-25,422810.12,389355.06,38,backtest
2012-06-01,435579.7,411061.94,38,backtest
2012-06-08,448110.25,422954.4,38,backtest
2012-06-15,430222.07,421442.16,38,backtest
2012-06-22,405938.35,388025.12,38,backtest
2012-06-29,404634.36,423796.0,38,backtest
2012-07-06,471086.22,423049.72,38,backtest
2012-07-13,416036.75,422008.0,38,backtest
2012-07-20,441683.74,423236.2,38,backtest
2012-07-27,407186.47,426209.03,38,backtest
2012-08-03,469311.17,423486.5,38,backtest
2012-08-10,436690.13,427704.53,38,backtest
2012-08-17,411866.46,418366.78,38,backtest
2012-08-24,397428.22,428113.84,38,backtest
2012-08-31,424904.95,427236.44,38,backtest
2012-09-07,490274.82,424821.56,38,backtest
2012-09-14,430944.39,425007.12,38,backtest
2012-09-21,409600.98,416153.5,38,backtest
2012-09-28,398468.08,419974.3,38,backtest
2012-10-05,458479.01,437618.7,38,backtest
2012-10-12,437320.66,415521.62,38,backtest
2012-10-19,428806.46,417723.25,38,backtest
2012-10-26,417290.38,417650.47,38,backtest
2012-11-04,,405321.6,38,future
2012-11-11,,405814.4,38,future
2012-11-18,,407363.44,38,future
2012-11-25,,407363.44,38,future
2012-12-02,,422630.75,38,future
2012-12-09,,422731.1,38,future
2012-12-16,,421117.8,38,future
2012-12-23,,421117.8,38,future
2012-12-30,,406355.3,38,future
2013-01-06,,410503.16,38,future
2013-01-13,,407199.03,38,future
2013-01-20,,407199.03,38,future
2012-05-04,1512227.34,1456586.6,39,backtest
2012-05-11,1470792.41,1511170.6,39,backtest
2012-05-18,1522978.54,1518181.4,39,backtest
2012-05-25,1596036.66,1489954.6,39,backtest
2012-06-01,1640476.77,1472997.6,39,backtest
2012-06-08,1623442.24,1478888.4,39,backtest
2012-06-15,1587499.82,1456364.4,39,backtest
2012-06-22,1532316.79,1455860.5,39,backtest
2012-06-29,1492388.98,1495958.6,39,backtest
2012-07-06,1659221.99,1481977.8,39,backtest
2012-07-13,1471261.76,1466914.6,39,backtest
2012-07-20,1582168.27,1488690.0,39,backtest
2012-07-27,1487797.54,1508846.5,39,backtest
2012-08-03,1608277.74,1523344.2,39,backtest
2012-08-10,1641867.92,1547669.8,39,backtest
2012-08-17,1720221.91,1508703.8,39,backtest
2012-08-24,1724669.75,1480910.4,39,backtest
2012-08-31,1710923.94,1508703.8,39,backtest
2012-09-07,1609811.75,1511068.2,39,backtest
2012-09-14,1447614.08,1470367.4,39,backtest
2012-09-21,1555672.51,1455883.8,39,backtest
2012-09-28,1495607.07,1491868.2,39,backtest
2012-10-05,1574408.67,1494224.5,39,backtest
2012-10-12,1494417.07,1489694.8,39,backtest
2012-10-19,1577486.33,1466091.2,39,backtest
2012-10-26,1569502.0,1502507.4,39,backtest
2012-11-04,,1496080.2,39,future
2012-11-11,,1527692.8,39,future
2012-11-18,,1522124.0,39,future
2012-11-25,,2233423.0,39,future
2012-12-02,,2078719.4,39,future
2012-12-09,,2101107.8,39,future
2012-12-16,,2100763.8,39,future
2012-12-23,,2534800.5,39,future
2012-12-30,,2468201.8,39,future
2013-01-06,,1447090.6,39,future
2013-01-13,,1429802.9,39,future
2013-01-20,,1443723.4,39,future
2012-05-04,439913.57,399267.22,3,backtest
2012-05-11,431985.36,394730.38,3,backtest
2012-05-18,418112.76,433579.75,3,backtest
2012-05-25,413701.29,398908.3,3,backtest
2012-06-01,432268.53,402198.12,3,backtest
2012-06-08,446336.8,400587.5,3,backtest
2012-06-15,442074.79,397816.84,3,backtest
2012-06-22,419497.95,395915.84,3,backtest
2012-06-29,422965.33,397898.75,3,backtest
2012-07-06,411206.5,398311.06,3,backtest
2012-07-13,416913.1,399740.1,3,backtest
2012-07-20,432424.85,397599.22,3,backtest
2012-07-27,389427.9,399380.12,3,backtest
2012-08-03,419990.29,402716.34,3,backtest
2012-08-10,391811.6,398840.53,3,backtest
2012-08-17,394918.83,408804.1,3,backtest
2012-08-24,412449.67,401887.84,3,backtest
2012-08-31,408838.73,394994.66,3,backtest
2012-09-07,408229.73,394341.53,3,backtest
2012-09-14,407589.16,394615.62,3,backtest
2012-09-21,414392.09,426445.03,3,backtest
2012-09-28,389813.02,395388.3,3,backtest
2012-10-05,443557.65,438601.88,3,backtest
2012-10-12,410804.39,432855.5,3,backtest
2012-10-19,424513.08,400164.9,3,backtest
2012-10-26,405432.7,401791.47,3,backtest
2012-11-04,,405570.47,3,future
2012-11-11,,405570.47,3,future
2012-11-18,,405570.47,3,future
2012-11-25,,549024.2,3,future
2012-12-02,,547369.3,3,future
2012-12-09,,499033.84,3,future
2012-12-16,,499033.84,3,future
2012-12-23,,499683.6,3,future
2012-12-30,,399608.28,3,future
2013-01-06,,405284.38,3,future
2013-01-13,,401528.88,3,future
2013-01-20,,401528.88,3,future
2012-05-04,993311.59,942188.56,40,backtest
2012-05-11,967729.35,897930.3,40,backtest
2012-05-18,896295.41,891004.0,40,backtest
2012-05-25,991054.49,966353.8,40,backtest
2012-06-01,1037464.27,1078142.6,40,backtest
2012-06-08,1079386.88,941946.6,40,backtest
2012-06-15,977950.28,978035.1,40,backtest
2012-06-22,1033552.18,1070139.2,40,backtest
2012-06-29,988764.84,981303.2,40,backtest
2012-07-06,1182901.56,1060979.1,40,backtest
2012-07-13,979848.71,975400.8,40,backtest
2012-07-20,968502.38,1053287.0,40,backtest
2012-07-27,954396.85,983832.7,40,backtest
2012-08-03,1068346.76,1038280.0,40,backtest
2012-08-10,1007906.43,1022118.06,40,backtest
2012-08-17,969387.48,950938.75,40,backtest
2012-08-24,945318.47,954098.75,40,backtest
2012-08-31,987264.67,954498.0,40,backtest
2012-09-07,1088248.4,970835.94,40,backtest
2012-09-14,901709.82,939364.8,40,backtest
2012-09-21,899768.4,905517.1,40,backtest
2012-09-28,919595.44,937401.0,40,backtest
2012-10-05,1069112.0,961306.7,40,backtest
2012-10-12,982523.26,911549.6,40,backtest
2012-10-19,918170.5,906591.75,40,backtest
2012-10-26,921264.52,931751.6,40,backtest
2012-11-04,,948140.44,40,future
2012-11-11,,948630.56,40,future
2012-11-18,,917593.75,40,future
2012-11-25,,1194733.0,40,future
2012-12-02,,1097045.9,40,future
2012-12-09,,1178391.2,40,future
2012-12-16,,1097749.5,40,future
2012-12-23,,1563426.2,40,future
2012-12-30,,1562164.6,40,future
2013-01-06,,924721.44,40,future
2013-01-13,,835116.3,40,future
2013-01-20,,814026.6,40,future
2012-05-04,1359770.73,1287787.5,41,backtest
2012-05-11,1353285.1,1316030.5,41,backtest
2012-05-18,1331514.44,1242610.4,41,backtest
2012-05-25,1424500.47,1281373.8,41,backtest
2012-06-01,1374891.36,1300044.9,41,backtest
2012-06-08,1436383.84,1339131.6,41,backtest
2012-06-15,1384584.59,1321386.6,41,backtest
2012-06-22,1386407.17,1309096.0,41,backtest
2012-06-29,1355600.01,1319298.0,41,backtest
2012-07-06,1456300.89,1268840.5,41,backtest
2012-07-13,1332594.07,1325739.6,41,backtest
2012-07-20,1347175.93,1321171.0,41,backtest
2012-07-27,1344723.97,1298423.4,41,backtest
2012-08-03,1439607.35,1277234.4,41,backtest
2012-08-10,1504545.94,1312230.9,41,backtest
2012-08-17,1560590.05,1296641.6,41,backtest
2012-08-24,1464462.85,1311499.0,41,backtest
2012-08-31,1360517.52,1286899.6,41,backtest
2012-09-07,1392143.82,1291604.4,41,backtest
2012-09-14,1306644.25,1265095.1,41,backtest
2012-09-21,1276609.36,1259609.5,41,backtest
2012-09-28,1307928.01,1278490.8,41,backtest
2012-10-05,1400160.95,1259403.0,41,backtest
2012-10-12,1409544.97,1304775.6,41,backtest
2012-10-19,1326197.24,1288147.5,41,backtest
2012-10-26,1316542.59,1282184.5,41,backtest
2012-11-04,,1270089.9,41,future
2012-11-11,,1273151.5,41,future
2012-11-18,,1270897.0,41,future
2012-11-25,,1646550.2,41,future
2012-12-02,,1645863.9,41,future
2012-12-09,,1512409.4,41,future
2012-12-16,,1512548.4,41,future
2012-12-23,,2205306.8,41,future
2012-12-30,,1290300.2,41,future
2013-01-06,,1256822.0,41,future
2013-01-13,,1287011.5,41,future
2013-01-20,,1249774.4,41,future
2012-05-04,609274.89,615355.56,42,backtest
2012-05-11,643603.69,637337.56,42,backtest
2012-05-18,590636.38,534715.0,42,backtest
2012-05-25,535764.58,525004.8,42,backtest
2012-06-01,521953.78,584144.7,42,backtest
2012-06-08,642671.48,624760.9,42,backtest
2012-06-15,606309.13,577739.3,42,backtest
2012-06-22,540031.29,539566.56,42,backtest
2012-06-29,507403.77,519731.62,42,backtest
2012-07-06,618702.09,618451.75,42,backtest
2012-07-13,628099.08,649281.06,42,backtest
2012-07-20,530318.39,566245.8,42,backtest
2012-07-27,516352.21,520532.7,42,backtest
2012-08-03,573084.71,626097.1,42,backtest
2012-08-10,576620.31,644202.1,42,backtest
2012-08-17,575997.78,548772.5,42,backtest
2012-08-24,535537.03,548675.6,42,backtest
2012-08-31,504760.57,542939.2,42,backtest
2012-09-07,617405.35,546905.94,42,backtest
2012-09-14,586737.66,584916.2,42,backtest
2012-09-21,527165.7,545937.1,42,backtest
2012-09-28,505978.46,493889.88,42,backtest
2012-10-05,593162.53,605094.3,42,backtest
2012-10-12,612379.9,582297.1,42,backtest
2012-10-19,541406.98,554808.6,42,backtest
2012-10-26,514756.08,522744.66,42,backtest
2012-11-04,,568383.8,42,future
2012-11-11,,568383.8,42,future
2012-11-18,,568316.8,42,future
2012-11-25,,568316.8,42,future
2012-12-02,,568399.6,42,future
2012-12-09,,569018.3,42,future
2012-12-16,,568968.25,42,future
2012-12-23,,569151.06,42,future
2012-12-30,,552980.0,42,future
2013-01-06,,569877.2,42,future
2013-01-13,,571044.44,42,future
2013-01-20,,569605.25,42,future
2012-05-04,637964.2,612355.0,43,backtest
2012-05-11,640159.04,642853.4,43,backtest
2012-05-18,648541.81,618736.1,43,backtest
2012-05-25,597406.39,594991.56,43,backtest
2012-06-01,605078.62,610178.06,43,backtest
2012-06-08,643032.51,611894.94,43,backtest
2012-06-15,634815.1,612052.25,43,backtest
2012-06-22,613270.79,604709.7,43,backtest
2012-06-29,593128.13,602688.2,43,backtest
2012-07-06,645618.59,614117.1,43,backtest
2012-07-13,627634.04,617933.44,43,backtest
2012-07-20,596554.05,624970.6,43,backtest
2012-07-27,572447.52,587772.75,43,backtest
2012-08-03,614378.94,612049.1,43,backtest
2012-08-10,643558.78,598779.4,43,backtest
2012-08-17,640210.85,591796.3,43,backtest
2012-08-24,598234.64,592254.06,43,backtest
2012-08-31,593141.29,600801.6,43,backtest
2012-09-07,663814.18,626577.3,43,backtest
2012-09-14,625196.94,619910.7,43,backtest
2012-09-21,601990.02,622522.25,43,backtest
2012-09-28,577792.32,580882.75,43,backtest
2012-10-05,642614.89,632975.06,43,backtest
2012-10-12,619369.72,626393.4,43,backtest
2012-10-19,623919.23,624051.2,43,backtest
2012-10-26,587603.55,580798.0,43,backtest
2012-11-04,,642801.6,43,future
2012-11-11,,632692.3,43,future
2012-11-18,,632166.5,43,future
2012-11-25,,633788.5,43,future
2012-12-02,,634575.0,43,future
2012-12-09,,633704.44,43,future
2012-12-16,,633704.44,43,future
2012-12-23,,635200.44,43,future
2012-12-30,,631060.3,43,future
2013-01-06,,648093.06,43,future
2013-01-13,,647671.5,43,future
2013-01-20,,643502.0,43,future
2012-05-04,326053.28,322625.97,44,backtest
2012-05-11,341381.08,323024.28,44,backtest
2012-05-18,334042.43,303975.97,44,backtest
2012-05-25,343268.29,298476.84,44,backtest
2012-06-01,323410.94,299386.47,44,backtest
2012-06-08,340238.38,320090.66,44,backtest
2012-06-15,338400.82,299094.06,44,backtest
2012-06-22,336241.0,298038.12,44,backtest
2012-06-29,338386.08,302606.2,44,backtest
2012-07-06,358461.58,298889.8,44,backtest
2012-07-13,336479.49,300071.84,44,backtest
2012-07-20,337819.16,304263.3,44,backtest
2012-07-27,319855.26,304382.56,44,backtest
2012-08-03,342385.38,320584.03,44,backtest
2012-08-10,333594.81,307716.66,44,backtest
2012-08-17,327389.51,304417.34,44,backtest
2012-08-24,337985.74,319050.22,44,backtest
2012-08-31,339490.69,306191.3,44,backtest
2012-09-07,338737.33,296877.75,44,backtest
2012-09-14,347726.67,303601.16,44,backtest
2012-09-21,336017.6,304420.47,44,backtest
2012-09-28,355307.94,304543.88,44,backtest
2012-10-05,337390.44,304627.1,44,backtest
2012-10-12,337796.13,304962.38,44,backtest
2012-10-19,323766.77,298252.44,44,backtest
2012-10-26,361067.07,319126.66,44,backtest
2012-11-04,,320080.44,44,future
2012-11-11,,318195.34,44,future
2012-11-18,,318064.97,44,future
2012-11-25,,318064.97,44,future
2012-12-02,,312282.03,44,future
2012-12-09,,312874.25,44,future
2012-12-16,,312874.25,44,future
2012-12-23,,330767.5,44,future
2012-12-30,,304692.97,44,future
2013-01-06,,318670.9,44,future
2013-01-13,,317965.78,44,future
2013-01-20,,310539.1,44,future
2012-05-04,782300.68,756232.7,45,backtest
2012-05-11,770487.37,762571.9,45,backtest
2012-05-18,800842.28,761179.56,45,backtest
2012-05-25,817741.17,784036.6,45,backtest
2012-06-01,837144.63,800703.5,45,backtest
2012-06-08,795133.0,775301.3,45,backtest
2012-06-15,821498.18,784904.7,45,backtest
2012-06-22,822569.16,774288.25,45,backtest
2012-06-29,773367.71,781514.2,45,backtest
2012-07-06,843361.1,770445.4,45,backtest
2012-07-13,749817.08,751146.9,45,backtest
2012-07-20,737613.65,761834.7,45,backtest
2012-07-27,711671.58,744589.06,45,backtest
2012-08-03,725729.51,744339.44,45,backtest
2012-08-10,733037.32,737845.06,45,backtest
2012-08-17,722496.93,731768.6,45,backtest
2012-08-24,718232.26,744743.7,45,backtest
2012-08-31,734297.87,780617.7,45,backtest
2012-09-07,766512.66,771503.25,45,backtest
2012-09-14,702238.27,751613.94,45,backtest
2012-09-21,723086.2,765953.25,45,backtest
2012-09-28,713173.95,769989.5,45,backtest
2012-10-05,733455.07,766498.7,45,backtest
2012-10-12,734464.36,786364.25,45,backtest
2012-10-19,718125.53,781891.44,45,backtest
2012-10-26,760281.43,764992.56,45,backtest
2012-11-04,,764690.44,45,future
2012-11-11,,761570.75,45,future
2012-11-18,,763051.2,45,future
2012-11-25,,1066812.0,45,future
2012-12-02,,1100286.5,45,future
2012-12-09,,958105.75,45,future
2012-12-16,,987405.3,45,future
2012-12-23,,1504405.5,45,future
2012-12-30,,1305471.4,45,future
2013-01-06,,725229.44,45,future
2013-01-13,,705782.8,45,future
2013-01-20,,713321.75,45,future
2012-05-04,2196968.33,2074386.2,4,backtest
2012-05-11,2127661.17,2348720.0,4,backtest
2012-05-18,2207214.81,2129853.8,4,backtest
2012-05-25,2154137.67,2084988.1,4,backtest
2012-06-01,2179360.94,2072809.5,4,backtest
2012-06-08,2245257.18,2069563.5,4,backtest
2012-06-15,2234190.93,2063479.4,4,backtest
2012-06-22,2197299.65,2084515.0,4,backtest
2012-06-29,2128362.92,2075585.1,4,backtest
2012-07-06,2224499.28,2078760.1,4,backtest
2012-07-13,2100252.61,2072716.0,4,backtest
2012-07-20,2175563.69,2073756.6,4,backtest
2012-07-27,2048613.65,2064058.0,4,backtest
2012-08-03,2174514.13,2054496.1,4,backtest
2012-08-10,2193367.69,2073486.0,4,backtest
2012-08-17,2283540.3,2084749.9,4,backtest
2012-08-24,2125241.68,2075588.6,4,backtest
2012-08-31,2081181.35,2082367.8,4,backtest
2012-09-07,2125104.72,2099390.5,4,backtest
2012-09-14,2117854.6,2131145.2,4,backtest
2012-09-21,2119438.53,2096226.9,4,backtest
2012-09-28,2027620.23,2080373.2,4,backtest
2012-10-05,2209835.43,2332546.5,4,backtest
2012-10-12,2133026.07,2349979.5,4,backtest
2012-10-19,2097266.85,2214664.0,4,backtest
2012-10-26,2149594.46,2348620.2,4,backtest
2012-11-04,,2345544.8,4,future
2012-11-11,,2343049.8,4,future
2012-11-18,,2207882.0,4,future
2012-11-25,,2746554.5,4,future
2012-12-02,,2918279.8,4,future
2012-12-09,,2344591.8,4,future
2012-12-16,,2441909.8,4,future
2012-12-23,,3438957.0,4,future
2012-12-30,,2438143.2,4,future
2013-01-06,,2196944.8,4,future
2013-01-13,,2199654.2,4,future
2013-01-20,,2209393.2,4,future
2012-05-04,360932.69,348682.25,5,backtest
2012-05-11,333870.52,346715.5,5,backtest
2012-05-18,336189.66,375895.78,5,backtest
2012-05-25,341994.48,348507.8,5,backtest
2012-06-01,359867.8,348926.38,5,backtest
2012-06-08,341704.59,339085.84,5,backtest
2012-06-15,327383.64,338900.3,5,backtest
2012-06-22,325041.68,339062.4,5,backtest
2012-06-29,329658.1,338312.16,5,backtest
2012-07-06,341214.43,336994.72,5,backtest
2012-07-13,316203.64,336655.34,5,backtest
2012-07-20,321205.12,336634.94,5,backtest
2012-07-27,306827.36,351903.06,5,backtest
2012-08-03,324195.17,352791.97,5,backtest
2012-08-10,306759.7,348619.6,5,backtest
2012-08-17,314014.18,346317.1,5,backtest
2012-08-24,320831.36,349311.66,5,backtest
2012-08-31,344642.01,350471.56,5,backtest
2012-09-07,350648.91,348662.7,5,backtest
2012-09-14,299800.67,333716.28,5,backtest
2012-09-21,307306.76,334258.56,5,backtest
2012-09-28,310141.68,350376.28,5,backtest
2012-10-05,343048.29,350186.97,5,backtest
2012-10-12,325345.41,335440.4,5,backtest
2012-10-19,313358.15,324516.34,5,backtest
2012-10-26,319550.77,345443.66,5,backtest
2012-11-04,,355212.28,5,future
2012-11-11,,355418.0,5,future
2012-11-18,,341173.88,5,future
2012-11-25,,498266.1,5,future
2012-12-02,,429697.97,5,future
2012-12-09,,428080.44,5,future
2012-12-16,,428116.9,5,future
2012-12-23,,428080.44,5,future
2012-12-30,,428080.44,5,future
2013-01-06,,338540.78,5,future
2013-01-13,,338515.06,5,future
2013-01-20,,338774.8,5,future
2012-05-04,1543461.12,1465166.8,6,backtest
2012-05-11,1517075.67,1636392.1,6,backtest
2012-05-18,1513635.64,1556384.6,6,backtest
2012-05-25,1603793.42,1570991.6,6,backtest
2012-06-01,1681121.38,1634109.1,6,backtest
2012-06-08,1696619.52,1609462.1,6,backtest
2012-06-15,1642247.48,1615673.2,6,backtest
2012-06-22,1618272.25,1692863.5,6,backtest
2012-06-29,1648863.46,1678086.5,6,backtest
2012-07-06,1876359.39,1718054.8,6,backtest
2012-07-13,1588142.26,1592216.9,6,backtest
2012-07-20,1574361.97,1584876.1,6,backtest
2012-07-27,1513229.16,1572667.6,6,backtest
2012-08-03,1627274.93,1597202.1,6,backtest
2012-08-10,1588380.73,1644694.9,6,backtest
2012-08-17,1543049.52,1609069.4,6,backtest
2012-08-24,1501095.49,1512896.0,6,backtest
2012-08-31,1577439.81,1575486.1,6,backtest
2012-09-07,1608077.01,1629369.9,6,backtest
2012-09-14,1375166.86,1503862.8,6,backtest
2012-09-21,1425603.65,1471282.6,6,backtest
2012-09-28,1369131.46,1455528.2,6,backtest
2012-10-05,1518177.71,1480726.8,6,backtest
2012-10-12,1459396.84,1600669.5,6,backtest
2012-10-19,1436883.99,1488245.6,6,backtest
2012-10-26,1431426.34,1440853.0,6,backtest
2012-11-04,,1565252.6,6,future
2012-11-11,,1565252.6,6,future
2012-11-18,,1565252.6,6,future
2012-11-25,,2176236.8,6,future
2012-12-02,,2130079.8,6,future
2012-12-09,,2106449.8,6,future
2012-12-16,,2106449.8,6,future
2012-12-23,,2681018.0,6,future
2012-12-30,,2138067.5,6,future
2013-01-06,,1584606.1,6,future
2013-01-13,,1554556.4,6,future
2013-01-20,,1631112.9,6,future
2012-05-04,465198.89,452316.7,7,backtest
2012-05-11,460397.41,474481.97,7,backtest
2012-05-18,468428.3,479039.94,7,backtest
2012-05-25,532739.77,491961.28,7,backtest
2012-06-01,598495.02,555871.94,7,backtest
2012-06-08,642963.75,607528.9,7,backtest
2012-06-15,666942.02,632286.25,7,backtest
2012-06-22,687344.68,629681.9,7,backtest
2012-06-29,704335.41,629674.6,7,backtest
2012-07-06,805642.61,659823.06,7,backtest
2012-07-13,694150.89,692417.5,7,backtest
2012-07-20,686345.69,682041.7,7,backtest
2012-07-27,686365.4,683282.7,7,backtest
2012-08-03,680954.81,669787.94,7,backtest
2012-08-10,675926.3,660667.75,7,backtest
2012-08-17,642450.4,645695.4,7,backtest
2012-08-24,609099.37,649194.56,7,backtest
2012-08-31,586467.16,597437.6,7,backtest
2012-09-07,597876.55,593749.75,7,backtest
2012-09-14,541120.2,588317.56,7,backtest
2012-09-21,530842.25,572200.2,7,backtest
2012-09-28,525545.76,524776.3,7,backtest
2012-10-05,505830.56,531799.6,7,backtest
2012-10-12,503463.93,542036.2,7,backtest
2012-10-19,516424.83,524603.5,7,backtest
2012-10-26,495543.28,524896.3,7,backtest
2012-11-04,,556685.5,7,future
2012-11-11,,543501.0,7,future
2012-11-18,,551590.1,7,future
2012-11-25,,843337.9,7,future
2012-12-02,,762610.7,7,future
2012-12-09,,780571.94,7,future
2012-12-16,,790608.94,7,future
2012-12-23,,1056039.9,7,future
2012-12-30,,1056039.9,7,future
2013-01-06,,630060.75,7,future
2013-01-13,,565764.9,7,future
2013-01-20,,559953.8,7,future
2012-05-04,937232.09,911408.44,8,backtest
2012-05-11,920128.89,890221.6,8,backtest
2012-05-18,913922.01,875892.94,8,backtest
2012-05-25,895157.44,874643.1,8,backtest
2012-06-01,921161.2,877617.3,8,backtest
2012-06-08,928820.0,876694.5,8,backtest
2012-06-15,916918.7,889415.6,8,backtest
2012-06-22,899449.65,893334.44,8,backtest
2012-06-29,878298.22,861719.5,8,backtest
2012-07-06,936205.5,883077.1,8,backtest
2012-07-13,890488.01,889897.75,8,backtest
2012-07-20,888834.07,881829.94,8,backtest
2012-07-27,838227.52,862310.1,8,backtest
2012-08-03,897076.73,854599.25,8,backtest
2012-08-10,930745.69,880700.8,8,backtest
2012-08-17,896613.19,884531.6,8,backtest
2012-08-24,936373.65,877640.6,8,backtest
2012-08-31,976137.73,888292.56,8,backtest
2012-09-07,932160.37,916896.56,8,backtest
2012-09-14,883569.38,885447.9,8,backtest
2012-09-21,857796.45,888825.0,8,backtest
2012-09-28,884724.41,897762.4,8,backtest
2012-10-05,976436.02,910341.9,8,backtest
2012-10-12,927511.99,920443.2,8,backtest
2012-10-19,900309.75,876873.25,8,backtest
2012-10-26,891671.44,873105.0,8,backtest
2012-11-04,,888442.06,8,future
2012-11-11,,914387.0,8,future
2012-11-18,,887818.75,8,future
2012-11-25,,1209767.1,8,future
2012-12-02,,1203423.4,8,future
2012-12-09,,1121327.9,8,future
2012-12-16,,1120615.8,8,future
2012-12-23,,1357499.9,8,future
2012-12-30,,1039786.94,8,future
2013-01-06,,1034711.94,8,future
2013-01-13,,1033591.9,8,future
2013-01-20,,1030888.6,8,future
2012-05-04,586289.08,573960.9,9,backtest
2012-05-11,592572.3,617065.5,9,backtest
2012-05-18,571463.93,573178.0,9,backtest
2012-05-25,547226.0,593992.7,9,backtest
2012-06-01,583648.59,553096.44,9,backtest
2012-06-08,582525.42,612423.3,9,backtest
2012-06-15,564606.1,547764.8,9,backtest
2012-06-22,562173.12,583158.25,9,backtest
2012-06-29,544770.7,553155.7,9,backtest
2012-07-06,578790.36,553040.0,9,backtest
2012-07-13,536537.64,638880.7,9,backtest
2012-07-20,513991.57,540616.56,9,backtest
2012-07-27,495951.0,512711.44,9,backtest
2012-08-03,533887.54,515448.75,9,backtest
2012-08-10,538713.47,579225.5,9,backtest
2012-08-17,535153.47,578082.4,9,backtest
2012-08-24,572887.78,577204.1,9,backtest
2012-08-31,576879.15,644765.5,9,backtest
2012-09-07,565812.29,573625.8,9,backtest
2012-09-14,523427.35,585741.1,9,backtest
2012-09-21,533756.88,529804.6,9,backtest
2012-09-28,516361.06,536291.2,9,backtest
2012-10-05,606755.3,513255.38,9,backtest
2012-10-12,558464.8,647172.0,9,backtest
2012-10-19,542009.46,583553.7,9,backtest
2012-10-26,549731.49,567940.44,9,backtest
2012-11-04,,606056.3,9,future
2012-11-11,,644363.06,9,future
2012-11-18,,568311.9,9,future
2012-11-25,,783434.94,9,future
2012-12-02,,616603.0,9,future
2012-12-09,,658883.06,9,future
2012-12-16,,781673.06,9,future
2012-12-23,,634090.9,9,future
2012-12-30,,698479.2,9,future
2013-01-06,,549225.56,9,future
2013-01-13,,547511.94,9,future
2013-01-20,,571274.2,9,future
